{"cameraMode":{"drawMode":0,"name":"Shaded","section":"Shading Mode"},"sceneLighting":true,"audioPlay":false,"sceneViewState":{"m_AlwaysRefresh":false,"showFog":true,"showSkybox":true,"showFlares":true,"showImageEffects":true,"showParticleSystems":true,"showVisualEffectGraphs":true,"m_FxEnabled":true},"in2DMode":false,"pivot":{"x":18.64715003967285,"y":-5.9300432205200199,"z":-3.9891929626464845},"rotation":{"x":-0.0024571544490754606,"y":0.9399262070655823,"z":-0.34130051732063296,"w":-0.006766711361706257},"size":39.434410095214847,"orthographic":false}